,geometry.location.lat,geometry.location.lng,geometry.viewport.northeast.lat,geometry.viewport.northeast.lng,geometry.viewport.southwest.lat,geometry.viewport.southwest.lng,icon,id,name,opening_hours.open_now,photos,place_id,plus_code.compound_code,plus_code.global_code,price_level,rating,reference,scope,types,user_ratings_total,vicinity
0,48.811927,9.2275005,48.81330982989272,9.228829029892722,48.81061017010728,9.226129370107278,https://maps.gstatic.com/mapfiles/place_api/icons/restaurant-71.png,b9d98949c7474d9a96250159102594d4776414a9,König - Pizza und Döner,False,"[{'height': 4608, 'html_attributions': ['<a href=""https://maps.google.com/maps/contrib/106474466636264077745/photos"">Saša Fegeš</a>'], 'photo_reference': 'CmRaAAAARWsUedP5NCxMT2DOj8pbEnFBuwkc4Fj_wwymaCOIIQiWQE9FFHuvULGVotf4MSP6H1fF3BjBmmv-DbNQAgE0TVySXlcntl2kf6T1wb6mUtU7KDei1oXUW9hOp5dI4lpZEhAeVq2YxvZDglPpk5ZMJPNMGhRAHX8Z9yF2iXqP2niX61J-x6651w', 'width': 2592}]",ChIJ6UZJahPFmUcRIyhkgTq2pto,"R66H+Q2 Stuttgart, Germany",8FWFR66H+Q2,,4.3,ChIJ6UZJahPFmUcRIyhkgTq2pto,GOOGLE,"['meal_takeaway', 'restaurant', 'point_of_interest', 'food', 'establishment']",75,"Schmidener Str. 98, Stuttgart"
1,48.7796973,9.1779145,48.78112557989272,9.179450479892722,48.77842592010727,9.176750820107278,https://maps.gstatic.com/mapfiles/place_api/icons/restaurant-71.png,cdd9db42efb5c0072221b39f217b52700b362490,Alice Premium Döner,False,"[{'height': 3024, 'html_attributions': ['<a href=""https://maps.google.com/maps/contrib/105423021333946499944/photos"">P S.</a>'], 'photo_reference': 'CmRaAAAAfPndh87yzIO7sRt04EBXHh0sy1KoSDmgg8zltfqxCrlIWwih6dbl7GTOxUrl0voyNwRVBMWCv7SmvYx810o0HWYcAt1JDqTjrneEVvWyQ3UytVYJQFsRDwKcokxwERl6EhA5tXFWmyxCOwuNh_3EgZ8-GhTsRD7h7ARAg0icgU4nbHcogbQZCQ', 'width': 4032}]",ChIJ_QT_MTTbmUcRM9l1wukFr1I,"Q5HH+V5 Stuttgart, Germany",8FWFQ5HH+V5,,3.1,ChIJ_QT_MTTbmUcRM9l1wukFr1I,GOOGLE,"['restaurant', 'point_of_interest', 'food', 'establishment']",121,"Königsbau Passagen, Königstraße 26, Stuttgart"
2,48.7777572,9.1643255,48.77904757989271,9.165707329892722,48.77634792010727,9.163007670107278,https://maps.gstatic.com/mapfiles/place_api/icons/restaurant-71.png,3a039d9b3a2e5edd6b75a1483f0f3ef151c4ec59,Azam Döner,False,"[{'height': 1280, 'html_attributions': ['<a href=""https://maps.google.com/maps/contrib/114205722894847286060/photos"">Sebastian Ohnmacht</a>'], 'photo_reference': 'CmRaAAAAy6P02dMk0fnjexxpjyMCPNuF5kQcrXl4y4euzdVy4syw4dx4AwUdchPa9XqWskrXVP3IsFWF_U-4yUrdPTlFXZNSAHyKKTJzIoNMqweN8Ul0XEaH1DqaLNuKB0mxAyAyEhCy4GB571new8nE03AOeU8OGhSn-C65CboJP70BtnhkRq5KS_-hKA', 'width': 720}]",ChIJocSTV0fbmUcRXQWs-pnQUHg,"Q5H7+4P Stuttgart, Germany",8FWFQ5H7+4P,,4.3,ChIJocSTV0fbmUcRXQWs-pnQUHg,GOOGLE,"['restaurant', 'point_of_interest', 'food', 'establishment']",12,"Breitscheidstraße 38, Stuttgart"
3,48.7626768,9.1586337,48.76394537989272,9.16042802989272,48.76124572010728,9.157728370107277,https://maps.gstatic.com/mapfiles/place_api/icons/restaurant-71.png,5f15c2e461e91371eb7ba9a44b304d37ff9804b7,Babas Kebap,False,"[{'height': 2448, 'html_attributions': ['<a href=""https://maps.google.com/maps/contrib/100715031970776185091/photos"">Buelent Bakir</a>'], 'photo_reference': 'CmRaAAAA3eSPlu57BiySos4PGE4lI2aNo1Oll5N7mVaA_VT2K2Xd0_o3dFMHQ0zIC1EAHJBEUTncnVERQwYKCNqjGMatetAdZsIUXOp9_upNTbhDNHiRjAnRSfEtadi0vYaxZHm9EhCvEqTdbG_0IIjpBdrt7dNXGhRTia-i9G9VT_3G3K_9-a98pEccEQ', 'width': 3264}]",ChIJdfUTUFnbmUcR2dfNvMNMYOQ,"Q565+XP Stuttgart, Germany",8FWFQ565+XP,,3.4,ChIJdfUTUFnbmUcR2dfNvMNMYOQ,GOOGLE,"['meal_takeaway', 'restaurant', 'point_of_interest', 'food', 'establishment']",80,"Böblinger Str. 86, Stuttgart"
4,48.813288,9.20849,48.81466907989272,9.209893679892721,48.81196942010727,9.207194020107277,https://maps.gstatic.com/mapfiles/place_api/icons/restaurant-71.png,6794f4d61565474ddf5a04953076968f20c4f0a7,Demet's Döner Kebap & Pizza Türkische Spezialitäten,False,"[{'height': 3456, 'html_attributions': ['<a href=""https://maps.google.com/maps/contrib/106144451325016765309/photos"">Jan Benz</a>'], 'photo_reference': 'CmRaAAAADnu7yhTTVFHBjdxqtmbFQZFWRCZBgpMpcgUJXeJscI2D15q9ikB0aMTupB2UhUIx8rstxGCeG7OyTNXHw_cHTrWa9Cj376cDmMeJzIkON-u_ERq09AGdO3UbHehMa6gjEhDmM9pqU06QH5Yj4BQhFxjlGhRwLMEyXwph3uD8G90aw70i-KN7_Q', 'width': 4608}]",ChIJ9QpEOTjFmUcRFJj7Ma8I3dU,"R675+89 Stuttgart, Germany",8FWFR675+89,1.0,3.8,ChIJ9QpEOTjFmUcRFJj7Ma8I3dU,GOOGLE,"['restaurant', 'point_of_interest', 'food', 'establishment']",71,"Hallschlag 27, Stuttgart"
5,48.8017202,9.2177318,48.80307002989272,9.21908162989272,48.80037037010728,9.216381970107276,https://maps.gstatic.com/mapfiles/place_api/icons/restaurant-71.png,ae93331b64fe47abeacc6b91a9a94d7c06b8e8c6,Döner Express,,,ChIJEaQwYRjFmUcR9YPiLtMljTs,"R629+M3 Stuttgart, Germany",8FWFR629+M3,,3.2,ChIJEaQwYRjFmUcR9YPiLtMljTs,GOOGLE,"['meal_takeaway', 'restaurant', 'point_of_interest', 'food', 'establishment']",10,"Im Bahnhof, Stuttgart"
6,48.7981592,9.189906599999999,48.79950842989273,9.19134467989272,48.79680877010728,9.188645020107277,https://maps.gstatic.com/mapfiles/place_api/icons/restaurant-71.png,76f0b444cab6aacbbce30b932637e5742cfca79f,Stern Döner und Pizza,False,"[{'height': 3096, 'html_attributions': ['<a href=""https://maps.google.com/maps/contrib/101029484018047835595/photos"">Filipe Rocha Nogueira</a>'], 'photo_reference': 'CmRaAAAAMu9InRoTO_9tOtixlegCbV75swm0w2VAGt0oBR4nlwu_nhCPNCvMNQjzBVVsma7It0PClUwWbe9_0VboGsLY28UgU-dCSFC54775DBDqkqthSnozA9A90YTpAec0VYiBEhBsPfKJZgBgNiHMMUPSszkuGhTFXVv1PzWiaZjcrh_ClZmcf_zeEg', 'width': 4128}]",ChIJ2UXW0yrFmUcRbiUf-Jg0A-k,"Q5XQ+7X Stuttgart, Germany",8FWFQ5XQ+7X,1.0,4.1,ChIJ2UXW0yrFmUcRbiUf-Jg0A-k,GOOGLE,"['restaurant', 'point_of_interest', 'food', 'establishment']",61,"Nordbahnhofstraße 89, Stuttgart"
7,48.77372880000001,9.1736335,48.77505012989272,9.175035429892723,48.77235047010728,9.17233577010728,https://maps.gstatic.com/mapfiles/place_api/icons/restaurant-71.png,a6cf219851e7471a4cd89a317bb7176d0e477fe9,Beykebab,False,"[{'height': 4032, 'html_attributions': ['<a href=""https://maps.google.com/maps/contrib/101079182125490950944/photos"">Elena Capatina</a>'], 'photo_reference': 'CmRaAAAAzdHJUvJ2N7aUiHAzSqB54_WX1FW2lx9dhOSF1rJ39zhl-G8At4LiUNA0iOHv4YLgu_SvUq-V79dUSLrXes_JpxOYVP7HZ8gqljEtWYUChQvu_9_ILgZRG2BRAzERI4OzEhDivoGGSTvDe5DiLCz7zrR7GhQxwqAqr7Rvx-h850jiPYQXwhm5Ug', 'width': 3024}]",ChIJncitbUnbmUcRrAPCBHx__lo,"Q5FF+FF Stuttgart, Germany",8FWFQ5FF+FF,,4.0,ChIJncitbUnbmUcRrAPCBHx__lo,GOOGLE,"['restaurant', 'point_of_interest', 'food', 'establishment']",537,"Marienstraße 8, Stuttgart"
8,48.8013178,9.2210758,48.80266762989272,9.222425629892722,48.79996797010728,9.219725970107278,https://maps.gstatic.com/mapfiles/place_api/icons/restaurant-71.png,409b5f59e667471c024a527a4dfddfc5c1898d82,Abbo's Doner & Grill,,"[{'height': 5520, 'html_attributions': ['<a href=""https://maps.google.com/maps/contrib/112563595560267699238/photos"">Samer Wakil</a>'], 'photo_reference': 'CmRaAAAAJo81793T9n1MJysLmRQMzfgkzoUF0H9g8eLHIYqvm6FqipaowA6THeMbH3xj9g_mPmoqDKh-tBUCufzaj2TrQL2hlRuSxp1XmajYjlFH-ySjEWkW8W0pls9egCSpGbiIEhBtV8IIvD_qcmrPR8bIRPtiGhQLhWQZXA9K0uVIVUJVBCFm1WCySg', 'width': 4140}]",ChIJf9C2oRnFmUcRUuEeudk5wsI,"R62C+GC Stuttgart, Germany",8FWFR62C+GC,,3.7,ChIJf9C2oRnFmUcRUuEeudk5wsI,GOOGLE,"['restaurant', 'point_of_interest', 'food', 'establishment']",3,"Wildunger Str. 2-4, Stuttgart"
9,48.7670723,9.1786772,48.76842897989272,9.179969479892721,48.76572932010728,9.177269820107277,https://maps.gstatic.com/mapfiles/place_api/icons/restaurant-71.png,35d00e2398832b0f9f5057b5ae17c9a5da52bad0,Alaturka,False,"[{'height': 2176, 'html_attributions': ['<a href=""https://maps.google.com/maps/contrib/103289966435727429920/photos"">Mayank Manchanda</a>'], 'photo_reference': 'CmRaAAAAVLm_VJebZpnP5p3MINksOJv5-NaqU4qaY9rbXV29Shf3JZU5xrcobxgtps4YmH0sUqgzL-gQ0pQe-BDwj-0-Q-SSUQdq_UHdZIOrWylV8qVNujOiCpGEN_Oo3CeFwOLKEhCvAhgVR3yN27jeWtD1myeHGhQRbKqna0pm3HEt7yb7Z-p7rg1Syw', 'width': 4608}]",ChIJNXC2UU3bmUcRTo4Dhgoxzgk,"Q58H+RF Stuttgart, Germany",8FWFQ58H+RF,2.0,4.4,ChIJNXC2UU3bmUcRTo4Dhgoxzgk,GOOGLE,"['meal_takeaway', 'restaurant', 'point_of_interest', 'food', 'establishment']",795,"Olgastraße 109, Stuttgart"
10,48.77417,9.17262,48.77562182989272,9.17390212989272,48.77292217010727,9.171202470107277,https://maps.gstatic.com/mapfiles/place_api/icons/restaurant-71.png,e5a0d872978dfdcb3dc08c7f027493e5daca45b9,World of Kebap,False,"[{'height': 5312, 'html_attributions': ['<a href=""https://maps.google.com/maps/contrib/113526944719286355507/photos"">Ergen Tayfun</a>'], 'photo_reference': 'CmRaAAAAqizMxyoYRbRabHJnTk1mDaenip4pT35BnP-mtTn2u0GRSW6vC8PHeNnXk3pnPWskD1gcDCkTmukGIU_5edhrhgUoCqaQMhfwM2ndW7wlYXJf25EEAh72KawL-dpm0V4MEhAwha7wgWC6WbFrTfzeULwGGhQ1Mv8GXE8jmkS9Z-rV3TR40o1B5Q', 'width': 2988}]",ChIJuQX5BEnbmUcRYz222AF9QrU,"Q5FF+M2 Stuttgart, Germany",8FWFQ5FF+M2,,3.7,ChIJuQX5BEnbmUcRYz222AF9QrU,GOOGLE,"['restaurant', 'point_of_interest', 'food', 'establishment']",399,"Rotebühlpl. 15, Stuttgart"
11,48.7816202,9.1807666,48.78308937989273,9.181924829892722,48.78038972010729,9.179225170107278,https://maps.gstatic.com/mapfiles/place_api/icons/restaurant-71.png,75dde54f3e3c241ee14dce607cad4d956493c57d,Ützel Brützel,False,"[{'height': 3024, 'html_attributions': ['<a href=""https://maps.google.com/maps/contrib/105033742198898552636/photos"">A Google User</a>'], 'photo_reference': 'CmRaAAAAjRmu8Hj57hz43I_OfYfMf6m6JKdGzBzrN9pJ3Av6ChqmdMsoURd84nktwe_BHFuJL5L0lTDulxfuKjCynjUOb5S1_0PQ-4Jkq_cqe5UAFjri2X0p5IqbZpwTNC0VtJjDEhDfJmWmRQox6R-ClX_Bct19GhSWP9B6OGSaR0lpttAy0a6VrcPpDg', 'width': 4032}]",ChIJxdh2gDPbmUcRW_sB2R21Vts,"Q5JJ+J8 Stuttgart, Germany",8FWFQ5JJ+J8,,2.9,ChIJxdh2gDPbmUcRW_sB2R21Vts,GOOGLE,"['restaurant', 'point_of_interest', 'food', 'establishment']",206,"Königstraße 10, Stuttgart"
12,48.7740707,9.1749084,48.77550387989272,9.175973479892722,48.77280422010728,9.173273820107278,https://maps.gstatic.com/mapfiles/place_api/icons/restaurant-71.png,1c6509546e04f701f317c96d728fbcde4567c4b7,Ali Baba,False,"[{'height': 1080, 'html_attributions': ['<a href=""https://maps.google.com/maps/contrib/113706029202526887052/photos"">Jerome Wolff</a>'], 'photo_reference': 'CmRaAAAAYf2STF2p-4DtNRBMtxHYCcseEIJilemNbP80kAjvrLECHVCDD2XRYfe0SPvqEdpE2b0tibRKMOpbK5X3Z0uFdoB0yZAzF16ciHpSGPRE7JXvtban8b4OC7eRFj596LzuEhA2eFI-KGyFvkFs6WDXYWdYGhQ5mLeB2wMB0JeG6h7rhOBIh0EdPw', 'width': 1920}]",ChIJ4a0kcEnbmUcRvTBC8SBX-us,"Q5FF+JX Stuttgart, Germany",8FWFQ5FF+JX,1.0,4.3,ChIJ4a0kcEnbmUcRvTBC8SBX-us,GOOGLE,"['restaurant', 'point_of_interest', 'food', 'establishment']",113,"Königstraße 45, Stuttgart"
13,48.7839834,9.1812133,48.78534042989272,9.18256957989272,48.78264077010728,9.179869920107276,https://maps.gstatic.com/mapfiles/place_api/icons/restaurant-71.png,b01d87685de35b84d53a57a7c9b20ef5ca22021c,Ützel Brützel,False,"[{'height': 1836, 'html_attributions': ['<a href=""https://maps.google.com/maps/contrib/114923366112916471666/photos"">Inna A.</a>'], 'photo_reference': 'CmRaAAAAGwK3SH5erk8_bVdn1dnNdDw81L7OU5x3gnl-cvgVVvwXxmY0FSZrDD29n1IpSKoH0gr9iKObS7IHowF8HCJQnGqj-ouD0IycZTJcTdFcYzEKHk3I_1pcbjnXKUJgZFEgEhBAm87lf7pBZDvY3MK9oxdlGhT6FuHXziAJinnTprxaRSlfbHIxdg', 'width': 3264}]",ChIJYyiQrDPbmUcRRAY3vDsSzj8,"Q5MJ+HF Stuttgart, Germany",8FWFQ5MJ+HF,,2.5,ChIJYyiQrDPbmUcRRAY3vDsSzj8,GOOGLE,"['meal_takeaway', 'restaurant', 'point_of_interest', 'food', 'establishment']",35,"Bahnhofshalle, Stuttgart"
14,48.7747876,9.1525593,48.77613437989272,9.153812629892721,48.77343472010728,9.151112970107278,https://maps.gstatic.com/mapfiles/place_api/icons/restaurant-71.png,6b94cd8e12f273d94abb6bdcf6ee28f6d87cb122,West Pizza und Kebap,False,"[{'height': 2268, 'html_attributions': ['<a href=""https://maps.google.com/maps/contrib/102953474637408679569/photos"">Stephen Obermeier</a>'], 'photo_reference': 'CmRaAAAAwIbMn75Q9sCwvmFeYsk-ecaYT0h1nu2VFU39LMOWPl52WODibNIVybgXb1NNdhKhsyz0T732ZdiO-lovAheHTmPplgUwIVn1TcRs6P8y3fKL8EUocakNwlxjy6cStEnOEhBcaJ7Y6XySsA4c6kSJhNOCGhTdVXBR7WJzDxMCAk2Ay-SrvVPP9A', 'width': 4032}]",ChIJbaZfyWvbmUcRB0XNYMq1iXs,"Q5F3+W2 Stuttgart, Germany",8FWFQ5F3+W2,,4.3,ChIJbaZfyWvbmUcRB0XNYMq1iXs,GOOGLE,"['restaurant', 'point_of_interest', 'food', 'establishment']",93,"Seyfferstraße 82, Stuttgart"
15,48.7639651,9.1662384,48.76538242989272,9.16755847989272,48.76268277010728,9.164858820107277,https://maps.gstatic.com/mapfiles/place_api/icons/restaurant-71.png,08332d90e96c815a9dad71d8f20e8a43b845ee20,Marien Grill,,"[{'height': 1334, 'html_attributions': ['<a href=""https://maps.google.com/maps/contrib/104846267697304684583/photos"">Quynh Handelmann</a>'], 'photo_reference': 'CmRaAAAAuFxSSwQxDDAerGVfvqmgUujmCFcZ4wemBR5e0cl57G-DZ9f9DUXiG1cD2TolXufbCFhdmHaikOteA7--eB8wLyAmPkOLhlec9qCi9XedVlGqZqaBUkNihw1jXSYic8pUEhAf-D70GYAcYpA8h7f9eR1zGhRFrr7WePCqT9uWji2gFncENpzPrg', 'width': 750}]",ChIJnfqomVDbmUcR6pwglcZlsGM,"Q578+HF Stuttgart, Germany",8FWFQ578+HF,1.0,4.6,ChIJnfqomVDbmUcR6pwglcZlsGM,GOOGLE,"['restaurant', 'point_of_interest', 'food', 'establishment']",73,"Böblinger Str. 13, Stuttgart"
16,48.74141789999999,9.2179212,48.74282817989272,9.21940512989272,48.74012852010728,9.216705470107277,https://maps.gstatic.com/mapfiles/place_api/icons/restaurant-71.png,aaf3ae4479de6d7799e721bd151b6ae8ae377e05,Sillenbuch's Pizza - Grill - Kebap,False,"[{'height': 4032, 'html_attributions': ['<a href=""https://maps.google.com/maps/contrib/107195405285170646782/photos"">Melanie Kopp</a>'], 'photo_reference': 'CmRaAAAAL1AcHGlx_wICjXtpRArSrNeTVkU5WPzxK2Ri0GIywtean77IHX9HEU86o1rn7S_53R41YXE4kw0vlTZtlqrqyXaGRbqzDbQSmf1hFOABmgtdcFeJmPfnGNqZ8yUHnTEmEhD-bZKIfFzVtSDSaKbigaXqGhTddCTD5nJQ_aZyvSSjv907897OXA', 'width': 2268}]",ChIJ19NSF3fDmUcRawh6g-k0bCk,"P6R9+H5 Stuttgart, Germany",8FWFP6R9+H5,1.0,4.1,ChIJ19NSF3fDmUcRawh6g-k0bCk,GOOGLE,"['restaurant', 'point_of_interest', 'food', 'establishment']",102,"Kirchheimer Str. 116, Stuttgart"
17,48.78069,9.204369999999999,48.78208362989272,9.205705329892721,48.77938397010727,9.203005670107277,https://maps.gstatic.com/mapfiles/place_api/icons/restaurant-71.png,0be53a10043f7f94448b79d253b60cb20767b0e7,Deniz Pizza & Kebap,False,"[{'height': 4032, 'html_attributions': ['<a href=""https://maps.google.com/maps/contrib/107349838272160784463/photos"">Deniz Pizza &amp; Kebap</a>'], 'photo_reference': 'CmRaAAAANhxcK-6LdTicS2wLJdzr8slN3Ug0OCKrJGyINwNo1S7j6oiHLmT3UqufAQoqUawoyL9IkYjNP-hzz3IQln9BjEq6HUlViGyEXhqnsP1z97ABqmn-mnk6v2dpQ5SwtZqqEhB6ymojbB4xwVgJbXrzHnHPGhS6f-CAy83-zSThmAZwnCIdq5RgiA', 'width': 3024}]",ChIJuYfm68PEmUcRL6KjPqCjEI0,"Q6J3+7P Stuttgart, Germany",8FWFQ6J3+7P,,4.9,ChIJuYfm68PEmUcRL6KjPqCjEI0,GOOGLE,"['meal_takeaway', 'restaurant', 'point_of_interest', 'food', 'establishment']",168,"Wagenburgstraße 104, Stuttgart"
18,48.7746246,9.185817499999999,48.77600467989272,9.187099129892722,48.77330502010728,9.184399470107278,https://maps.gstatic.com/mapfiles/place_api/icons/restaurant-71.png,1668202cd928123381e10d53f0604f295cc39ff1,MMC Kult,False,"[{'height': 2448, 'html_attributions': ['<a href=""https://maps.google.com/maps/contrib/114045670251079510747/photos"">Cuma Keklik</a>'], 'photo_reference': 'CmRaAAAAaJZrp0lRICkDvNyGk6dQntPPjz4nmO7JrmWSl0Ns3iYqGodOfP-Dt15mhLVthrO3G7iW1kgxs-jK3AnPDCL5oEg_f-vaU4zYH6tcuX4LomswL-cr4HFiIR8RBua0H03jEhCtzkyJrz0LcI1d-MlBC1yiGhSUDAQXrdOJD4d2tBKUQ0psBhfC0Q', 'width': 3264}]",ChIJW-pJo7XEmUcRYSC-l-urBFM,"Q5FP+R8 Stuttgart, Germany",8FWFQ5FP+R8,,4.4,ChIJW-pJo7XEmUcRYSC-l-urBFM,GOOGLE,"['meal_takeaway', 'restaurant', 'point_of_interest', 'food', 'establishment']",119,"Olgastraße 35, Stuttgart"
19,48.8143266,9.1125546,48.81572237989272,9.113797679892722,48.81302272010728,9.111098020107278,https://maps.gstatic.com/mapfiles/place_api/icons/restaurant-71.png,77bb75df6dd9932c28350a64e04a5de709fae02b,Istanbul Kebap,False,"[{'height': 3016, 'html_attributions': ['<a href=""https://maps.google.com/maps/contrib/117167164082113027865/photos"">khabat abdo</a>'], 'photo_reference': 'CmRaAAAAT678N75tqDxthkLcibyVTaGNJVVPG_3Fe5gHz9Scfv2ERTr7HcIByCjd7CbHgdvU2nRYffIz4I-CGlT78Nl1Z0PGsvPh6scYgTVro6nWcN4Xiz7VwFhhAZdoNxwBLthuEhBgzSrg4geHJEiqfb0I77mOGhRzUuWZ7GYMi0lIgA0Gkgaudt52qA', 'width': 4032}]",ChIJP63CmTnamUcRhiFASuqYV3Q,"R477+P2 Stuttgart, Germany",8FWFR477+P2,,4.3,ChIJP63CmTnamUcRhiFASuqYV3Q,GOOGLE,"['restaurant', 'point_of_interest', 'food', 'establishment']",94,"Solitudestraße 228, Stuttgart"
20,48.81715819999999,9.1716813,48.81854197989272,9.173066579892723,48.81584232010728,9.170366920107279,https://maps.gstatic.com/mapfiles/place_api/icons/restaurant-71.png,5a45d48a83c79967cf22eca335f241c0e9da5eb4,Köfteci Tuncay Stuttgart,False,"[{'height': 1536, 'html_attributions': ['<a href=""https://maps.google.com/maps/contrib/117697101552516100470/photos"">Hakan DALKILIC</a>'], 'photo_reference': 'CmRaAAAAMiq59uOOHowW8Lc_CFAbYZHIdNoOGgUw0oGjNtYf-KQx76PjmIcLlx-oph-z0FijOoWPH13-eeuXZREcMrbDwlnQXZfaR66L_CIh-xqVOMSMmQGdTOubmDjkA5PKYqSAEhAzvuvKu2WdiksH3-BSx7i7GhSzr1CeANQonRh1TWhIsqg943NM2g', 'width': 2048}]",ChIJF5x_csDamUcRUf1WjH0ecew,"R58C+VM Stuttgart, Germany",8FWFR58C+VM,,4.4,ChIJF5x_csDamUcRUf1WjH0ecew,GOOGLE,"['meal_takeaway', 'restaurant', 'point_of_interest', 'food', 'establishment']",318,"Albrechtstraße 1, Stuttgart"
21,48.8092055,9.1597742,48.81064907989272,9.16107262989272,48.80794942010728,9.158372970107276,https://maps.gstatic.com/mapfiles/place_api/icons/restaurant-71.png,41882cb9c832e69244fa8cfd73d3bf149fe09d2f,City Pizza & Kebap,False,"[{'height': 4032, 'html_attributions': ['<a href=""https://maps.google.com/maps/contrib/114382042576786811972/photos"">Michał Starkiewicz</a>'], 'photo_reference': 'CmRaAAAAYdq7Q5oklv0bM94e25QADVvKysFHbfOzbgsGRN8vIXcfl48_SWgz0WbhWZL6n6ILpzx6fCJH7OB6o6ND178nYmabMovCRe33EBWkDSf5I8qJcXPSylPK2L81c9GoGKtKEhC7qr9EMGZOck6BhkaH98kSGhQF-jo6r9XCDj8L7aziM5HW1fqEsA', 'width': 1960}]",ChIJE4pQW-_amUcROSIa36jELxM,"R555+MW Stuttgart, Germany",8FWFR555+MW,1.0,4.4,ChIJE4pQW-_amUcROSIa36jELxM,GOOGLE,"['meal_takeaway', 'restaurant', 'point_of_interest', 'food', 'establishment']",89,"Stuttgarter Str. 65, Stuttgart"
22,48.8061255,9.231274299999999,48.80734572989273,9.232989079892722,48.80464607010729,9.230289420107278,https://maps.gstatic.com/mapfiles/place_api/icons/restaurant-71.png,c2e8ff16b4d1d63fc8791ecb523cec2a9b24bc2a,Göz Kebap,False,"[{'height': 3024, 'html_attributions': ['<a href=""https://maps.google.com/maps/contrib/106520484381677059512/photos"">René Mariáši</a>'], 'photo_reference': 'CmRaAAAAob7A4vAA6d4mqwGs_RrIttdnPG-RACa9uXXFZ32bDtZ_InPGGQg8Wkt8UXaApyGwMEWH-QxANzdD-CK5br3ccbGwnnIvuMhsmqJVtZXJ5Dgpv3BqflRn9Pg6cbpLVxC4EhCyOrkCYyGwNzYHeLTAkVKUGhRo4REAK5XSOvCDDrFef0_SDd5BYQ', 'width': 4032}]",ChIJHeWYJQ7FmUcR7UNkKsvx-jk,"R64J+FG Stuttgart, Germany",8FWFR64J+FG,,4.3,ChIJHeWYJQ7FmUcR7UNkKsvx-jk,GOOGLE,"['restaurant', 'point_of_interest', 'food', 'establishment']",114,"Nürnberger Str. 1, Stuttgart"
23,48.7776448,9.1735712,48.77896352989272,9.174885179892721,48.77626387010728,9.172185520107277,https://maps.gstatic.com/mapfiles/place_api/icons/restaurant-71.png,9be17f7b04db080220c08c3439621e130f27260b,Anatolien Gourmet,False,"[{'height': 576, 'html_attributions': ['<a href=""https://maps.google.com/maps/contrib/106822403042741312672/photos"">Zsolt Orbán</a>'], 'photo_reference': 'CmRaAAAAK24Sl6W13YWepuoI4McQo_1eTWvfh--auxdr72YGm2_vsVFxihQBCFu55DVhtzZb19Vj2CdjfnLPzjUnLPO5eJLsKihn_4uXS0GCDYJqu4QfJGbhthmbQnfSbdPiUvMHEhBxSzxHR7bENeXqKwcfky2dGhRpNeaOkcYYUz7ASeialTUBDAj2mA', 'width': 1024}]",ChIJM8B0LjbbmUcRszJGZFRG_0E,"Q5HF+3C Stuttgart, Germany",8FWFQ5HF+3C,,4.2,ChIJM8B0LjbbmUcRszJGZFRG_0E,GOOGLE,"['restaurant', 'point_of_interest', 'food', 'establishment']",133,"Büchsenstraße 22, Stuttgart"
24,48.813733,9.114443,48.81512367989272,9.11578227989272,48.81242402010728,9.113082620107276,https://maps.gstatic.com/mapfiles/place_api/icons/restaurant-71.png,3ca1c12c1456ec84934fabf586a9b9bdf6bdab1c,Baran Kebab,False,"[{'height': 4096, 'html_attributions': ['<a href=""https://maps.google.com/maps/contrib/106744133695301301404/photos"">Marco Bissoli</a>'], 'photo_reference': 'CmRaAAAATIpAX4JPx_gJ2P3OewoblibhAu2YMYwUNz1ZfRFni3tPRdrAiMr3frFeYxck5uE4tx2RUilVsBigjjhs3LM74vSNZEkhjcHU4AqdWytvJHCsTEG99rtvT_v31npKLpxoEhD5W4cMwn_0q8sGB_58OjTyGhQ_vhh8hJQlcqpUx68KZ00UJIA4HA', 'width': 2304}]",ChIJ2YL1VMfoC0ER_QojXLslRZU,"R477+FQ Stuttgart, Germany",8FWFR477+FQ,,4.4,ChIJ2YL1VMfoC0ER_QojXLslRZU,GOOGLE,"['restaurant', 'point_of_interest', 'food', 'establishment']",311,"Pforzheimer Str. 363, Stuttgart"
25,48.7425738,9.167220499999999,48.74389507989272,9.168671729892722,48.74119542010727,9.165972070107278,https://maps.gstatic.com/mapfiles/place_api/icons/restaurant-71.png,34b1026b1f518d7eb71bc1aae81943e66b8902aa,Golden Kebap,False,"[{'height': 3120, 'html_attributions': ['<a href=""https://maps.google.com/maps/contrib/115554114391484178792/photos"">Dimitri Schwarzkopf</a>'], 'photo_reference': 'CmRaAAAA3ZA0KUgomh2eOYSXW-YDt20jservuLTs0FnPjysx5VgKBHOL4lg-xn3c_URIHe9qVc-srVYkzxS0tCkTPPkwC8mVuRTEtIQfcoFNePNgeId75CCCi5o_n0LLEfFc91-mEhDRrF1Y0gX1kB9evevBSRAAGhR23EuDF1aEy2z1e2GrqxFlke8frA', 'width': 4160}]",ChIJ9-3sj7PcmUcRr2pB9q4-rrQ,"P5V8+2V Stuttgart, Germany",8FWFP5V8+2V,,4.2,ChIJ9-3sj7PcmUcRr2pB9q4-rrQ,GOOGLE,"['restaurant', 'point_of_interest', 'food', 'establishment']",186,"Gomaringer Str. 24, Stuttgart"
26,48.7938473,9.1923513,48.79524877989272,9.193615479892722,48.79254912010727,9.190915820107278,https://maps.gstatic.com/mapfiles/place_api/icons/restaurant-71.png,acddca480095f93bd391d5ca67895c96ff324935,AntepHaus,False,"[{'height': 1600, 'html_attributions': ['<a href=""https://maps.google.com/maps/contrib/115068675057789227841/photos"">A Google User</a>'], 'photo_reference': 'CmRaAAAAuPnL3pvUqr2tJAHh8mjFvq6CK13D-L0A5cu4F4bxjkAFOKiaGAo9EQkerktUqP38ILp8WDb0dBIwDTHFeXOsk4ZgBhgTfuvI5yWghiZyGBpZIoxzYoJjx6FNN28k69UtEhA_-491tpwh3ev5qpTsnr33GhQ36-brm7K3x9zCzkBhrMw_yHvpxQ', 'width': 1200}]",ChIJXQcEtNXEmUcRCYYO1YvBTDI,"Q5VR+GW Stuttgart, Germany",8FWFQ5VR+GW,,4.4,ChIJXQcEtNXEmUcRCYYO1YvBTDI,GOOGLE,"['restaurant', 'point_of_interest', 'food', 'establishment']",132,"Rosensteinstraße 22, Stuttgart"
27,48.802218,9.2171868,48.80357127989272,9.21860482989272,48.80087162010728,9.215905170107277,https://maps.gstatic.com/mapfiles/place_api/icons/restaurant-71.png,736b4ce485c94bb7268707e27edf9f3da160a7f6,Istanbul-Kebap,False,"[{'height': 3024, 'html_attributions': ['<a href=""https://maps.google.com/maps/contrib/104512175389392770425/photos"">RONAT Yilmazer</a>'], 'photo_reference': 'CmRaAAAAzKeoZpnkWz-lH8GCHBG1lUpwy_f484iCP9dXsY80-CK1GPn_WkHiWdYsd96V2j9oQ8gQORhCLALwNAJutTVvJiU1GbcfZdw6cBychEgtPEDsarg1xYbMKdY2tZKZZ4gvEhB_2VK7lQNZAQqVlkxL4mq4GhSVPY9Ws9NyOtoztiuSK-wh8prU5g', 'width': 4032}]",ChIJict8cBjFmUcRF0VHX9Y5Qus,"R628+VV Stuttgart, Germany",8FWFR628+VV,1.0,3.9,ChIJict8cBjFmUcRF0VHX9Y5Qus,GOOGLE,"['restaurant', 'point_of_interest', 'food', 'establishment']",47,"Bahnhofstraße 20, Stuttgart"
28,48.77438,9.24002,48.77566062989273,9.241292329892723,48.77296097010728,9.238592670107279,https://maps.gstatic.com/mapfiles/place_api/icons/restaurant-71.png,e9a01df6f164941f9aec46ae7ee06bd58c4d5708,Star Kebap Haus Wangen,False,"[{'height': 2268, 'html_attributions': ['<a href=""https://maps.google.com/maps/contrib/110351160992477343545/photos"">Sascha Pallenberg</a>'], 'photo_reference': 'CmRaAAAA0uEKxxy2BxYuSbGNruOn0k1iVdtgIUvton-WufhGBb6hcnhWhkgmYWv5vH_mlmJpNRzXDJLkfNvCuZ6MvRcxw5OlGNU2X9CCAQyb7L9Cqp8_pHK28wu_8A_eXqfMcZw4EhA2WZWmt31qYoDD1yrq64WcGhTkA_f0CWI_nvZeUbtWh_a4NuMNLw', 'width': 4032}]",ChIJfUiiLFzEmUcReVCzbsTtT9E,"Q6FR+Q2 Stuttgart, Germany",8FWFQ6FR+Q2,1.0,4.1,ChIJfUiiLFzEmUcReVCzbsTtT9E,GOOGLE,"['meal_takeaway', 'restaurant', 'point_of_interest', 'food', 'establishment']",110,"Ulmer Str. 309, Stuttgart"
29,48.77572,9.160814199999999,48.77709262989273,9.162143329892722,48.77439297010728,9.159443670107278,https://maps.gstatic.com/mapfiles/place_api/icons/restaurant-71.png,605f1e8e6b4fd1af24d9ce263906bcff67617cd8,Tevhid Kebab,False,"[{'height': 4032, 'html_attributions': ['<a href=""https://maps.google.com/maps/contrib/117666993286189828410/photos"">Sami Karaköse</a>'], 'photo_reference': 'CmRaAAAAQ27bGh0V77rVoIk4_abLBnpz710TtdEtsluj_M1XiblJqnQAjvy_1-pVRJc8b72m8wDKNC-HFNRQifoM5-Ir6wCvZzcf_-qcQ-nt2efugV6oCGBOZL4u-vIM9dXb6GATEhDa_Pbe29ctF0aY2qY1oKmeGhSs0kOFtYr3ItVm3EHuwpGcI3HM-A', 'width': 3024}]",ChIJNxU2KknmC0ERtsH-LsZ7o1o,"Q5G6+78 Stuttgart, Germany",8FWFQ5G6+78,1.0,4.5,ChIJNxU2KknmC0ERtsH-LsZ7o1o,GOOGLE,"['restaurant', 'point_of_interest', 'food', 'establishment']",166,"Schloßstraße 89, Stuttgart"
30,48.76364359999999,9.1627542,48.76492812989273,9.164129929892724,48.76222847010729,9.16143027010728,https://maps.gstatic.com/mapfiles/place_api/icons/restaurant-71.png,04771d9363e4ee16b8a93e99ee44a1ab7fb958dd,Marmaris Pizza und Kebabhaus,False,"[{'height': 960, 'html_attributions': ['<a href=""https://maps.google.com/maps/contrib/103302683738384881637/photos"">Bilgin Yusuf</a>'], 'photo_reference': 'CmRaAAAAzV8w0h0acxxKo_H0xvogi7W7rIdO01SUkz8Yy1C6VzGVtd5Mu0PoPCp2YTfHzWq4V6k1gOhjVXQbWRucghpMRTXGd92E03l4oMBF-vsM5PaS_rUmdGVXVwWQN86T0tYOEhADNkFMg4Az5Xw1UBAMPk-EGhTtD53Dcm0H-IbQllqty52jUqklSw', 'width': 528}]",ChIJ0Z8aMVrbmUcRTPOj-xAjk58,"Q577+F4 Stuttgart, Germany",8FWFQ577+F4,1.0,3.9,ChIJ0Z8aMVrbmUcRTPOj-xAjk58,GOOGLE,"['restaurant', 'point_of_interest', 'food', 'establishment']",50,"Böblinger Str. 42, Stuttgart"
31,48.7999969,9.2205511,48.80134372989272,9.221861129892721,48.79864407010727,9.219161470107277,https://maps.gstatic.com/mapfiles/place_api/icons/restaurant-71.png,9cc81786875da91d2370420056006e755c6d76d7,Side Kebap,False,"[{'height': 3024, 'html_attributions': ['<a href=""https://maps.google.com/maps/contrib/114309167028464244889/photos"">Ozan Büyük</a>'], 'photo_reference': 'CmRaAAAA9-qsOi_-cyG72KkOOZAQuLgHEx6mFLpXN0BBqb4-UhpAOc4BKa706CI_vwKp15uDDDzRXZASrn5e4UfZ679uZZG3PtOw6HxB1ojpczviB4ijMU-YNfMBrHzFnoqnNTk8EhAr2lLhqPv4Vqy58nvfqtUDGhTc-Np3Pubh919r86Uzyo2TrVQl2g', 'width': 4032}]",ChIJ-7LMahnFmUcRC20ZsfTCegc,"Q6XC+X6 Stuttgart, Germany",8FWFQ6XC+X6,2.0,4.5,ChIJ-7LMahnFmUcRC20ZsfTCegc,GOOGLE,"['meal_takeaway', 'restaurant', 'point_of_interest', 'food', 'establishment']",48,"Daimlerstraße 101, Stuttgart"
32,48.78241999999999,9.157703999999999,48.78375052989272,9.15912077989272,48.78105087010727,9.156421120107277,https://maps.gstatic.com/mapfiles/place_api/icons/restaurant-71.png,a7ab6f3f8acfe8bad4a34665cb3014da41e50e2d,Ixir Food House,False,"[{'height': 4160, 'html_attributions': ['<a href=""https://maps.google.com/maps/contrib/107492354966963931326/photos"">Dani Lenno</a>'], 'photo_reference': 'CmRaAAAAgd8T05wkTfbmfN124lUxiAzRMByu67ak34-3KTlSuhMThaKadWHRBLe_uVn9Y-gC2KZwgpFzzXO-3R-viV9ABz96Hd1rSw2Zb0THosYzs3Qm3yzndRaDtCnZdYw8JOAsEhClaklNnej9_XVIwTRZSFbVGhSxGOBs52CvHrZZEaBXiAjrtAMOcQ', 'width': 2336}]",ChIJk10H7RXbmUcRwyRmNPL4gbQ,"Q5J5+X3 Stuttgart, Germany",8FWFQ5J5+X3,1.0,4.1,ChIJk10H7RXbmUcRwyRmNPL4gbQ,GOOGLE,"['restaurant', 'point_of_interest', 'food', 'establishment']",96,"Schwabstraße 199, Stuttgart"
33,48.7744766,9.203442299999999,48.77583742989273,9.204745129892723,48.77313777010728,9.20204547010728,https://maps.gstatic.com/mapfiles/place_api/icons/restaurant-71.png,f187d9d1dc3cef4d141073ae0b11265728a961d7,Gablenberger Dönerhaus,False,"[{'height': 2268, 'html_attributions': ['<a href=""https://maps.google.com/maps/contrib/102029195524182395733/photos"">D Funkers</a>'], 'photo_reference': 'CmRaAAAA6ftpVxKEj5Q2Q6CpdCzQarIqfmOMRFmIx2Vh4R_j96GtZadlRt6Ri7U84SdJ7f_iNyYaNjcCpf7VwOj_7Nax_swdGbsLUjXCO47SelkzREvH-MR8L4tgYvUXliwrOsXYEhCJQFeVAKjavLCjx9HpoRvcGhQN0YFCCU3bbOYyXac-fvzbcnsDEg', 'width': 4032}]",ChIJuRhKY7_EmUcRoWKDEmG9N9I,"Q6F3+Q9 Stuttgart, Germany",8FWFQ6F3+Q9,1.0,4.5,ChIJuRhKY7_EmUcRoWKDEmG9N9I,GOOGLE,"['restaurant', 'point_of_interest', 'food', 'establishment']",46,"Gablenberger Hauptstraße 127, Stuttgart"
34,48.7739078,9.1778953,48.77527277989272,9.179259979892722,48.77257312010728,9.176560320107278,https://maps.gstatic.com/mapfiles/place_api/icons/restaurant-71.png,4c53eff5f670ecffd02987502c2ed5917f38c754,Gül Kebap GmbH,False,"[{'height': 4032, 'html_attributions': ['<a href=""https://maps.google.com/maps/contrib/109424208913386030037/photos"">Patrick Priesmann</a>'], 'photo_reference': 'CmRaAAAABqlyx1O4xlKwmx6DpPIaQWg23FMub5LAbu2Du9aZ6aZtEDpoCXI-7sa3vOwaI_UvSEOrFYte2I1vYclQ_d10fgLSaLC_7nEgjzbGKyUdZHFkr_-05OVH23dPvDs3eCxzEhBxGQ-yPgmRdwkQb_H0T5SmGhRovRU0R-3ARHjjs_0vwpNeZOoCoQ', 'width': 3024}]",ChIJS_UDqUvbmUcRxn8T7ItWYDM,"Q5FH+H5 Stuttgart, Germany",8FWFQ5FH+H5,,3.8,ChIJS_UDqUvbmUcRxn8T7ItWYDM,GOOGLE,"['restaurant', 'point_of_interest', 'food', 'establishment']",251,"Nadlerstraße 18, Stuttgart"
35,48.77829,9.207049999999999,48.77965642989273,9.20833422989272,48.77695677010728,9.205634570107277,https://maps.gstatic.com/mapfiles/place_api/icons/restaurant-71.png,06ce452357fc4bf4210788d8df7ed4ced2be2c3c,Euro KEBAP,False,"[{'height': 4032, 'html_attributions': ['<a href=""https://maps.google.com/maps/contrib/101142014768296425087/photos"">dawran rojhelat</a>'], 'photo_reference': 'CmRaAAAAbI1S_npro5HFvL3Qr-HXX7NlnT3-D9jC6Y47HVcQ3DF-zW50WPe2X3-l3QNGKUO8Gd5p4C-6zgb2qvquRRKfo_2iDyqVLFInq0sBnl1IzA_tQOscRADqYDvXwxL_x2n5EhCyikxm2NQy5TpqfVPfaK1xGhRxQEVCgB8B0l0auRJ_nwi5NchEJQ', 'width': 3024}]",ChIJd6VGlcHEmUcRmsaMS_Z2I4k,"Q6H4+8R Stuttgart, Germany",8FWFQ6H4+8R,,3.7,ChIJd6VGlcHEmUcRmsaMS_Z2I4k,GOOGLE,"['restaurant', 'point_of_interest', 'food', 'establishment']",27,"Gablenberger Hauptstraße 43, Stuttgart"
36,48.78930159999999,9.2019718,48.79061692989272,9.20331817989272,48.78791727010728,9.200618520107277,https://maps.gstatic.com/mapfiles/place_api/icons/restaurant-71.png,9c3b360ecc30e04c81a842caae50a267665fb983,"Alsandebad Grill, Pizza & Kebaphaus",False,"[{'height': 3024, 'html_attributions': ['<a href=""https://maps.google.com/maps/contrib/100177289599719063163/photos"">Khalaf Mahde</a>'], 'photo_reference': 'CmRaAAAArNHuxujIgH296Id_JtT-xpdJD4UCPox-KOBrNUfPbyCLzKKYq63_aMc6KlX0LHsuMPFqFexAhmSBnLZbz-PefzTfrHaNOSQHdYENNjmvQAvrmCK3-_0xxWtS9R3jN-l2EhAI_Y-Va-h4Hwb1vnlsF6TRGhSQvtzyKRrqDKaDXCSOEcrWvGC-wg', 'width': 4032}]",ChIJwaxQMNrEmUcRbBFyFwoOB8g,"Q6Q2+PQ Stuttgart, Germany",8FWFQ6Q2+PQ,1.0,3.2,ChIJwaxQMNrEmUcRbBFyFwoOB8g,GOOGLE,"['restaurant', 'point_of_interest', 'food', 'establishment']",68,"Hackstraße 33, Stuttgart"
37,48.8032421,9.2156322,48.80466607989272,9.216983429892723,48.80196642010727,9.21428377010728,https://maps.gstatic.com/mapfiles/place_api/icons/restaurant-71.png,9b35f14ee3d76a2c3c94912caebe3df890f43510,Mehmet-Siddik Atkovaycin Imbiß,False,"[{'height': 2324, 'html_attributions': ['<a href=""https://maps.google.com/maps/contrib/117697101552516100470/photos"">Hakan DALKILIC</a>'], 'photo_reference': 'CmRaAAAAdswbewVyqI5XLy-PDylV9VUifIF0bhLV4M3lrU3Co2I45MtcjmopMrp8M-TtJLSly6RaMgqNeGF2D83ivGXO6apvFCYMaUXcFdUakZLRdFHVt8ZVvBKeG4QNzjRV5Y51EhCE5Ty_Umb10phE5v6nMdHJGhS44tumk3C8m7ObP1U3UCwfDh95YA', 'width': 2886}]",ChIJvzVKpSLFmUcR8CSNI3jbJxw,"R638+77 Stuttgart, Germany",8FWFR638+77,,3.0,ChIJvzVKpSLFmUcR8CSNI3jbJxw,GOOGLE,"['restaurant', 'point_of_interest', 'food', 'establishment']",24,"Badstraße 9, Stuttgart"
38,48.7735375,9.167092,48.77486827989271,9.16837927989272,48.77216862010727,9.165679620107277,https://maps.gstatic.com/mapfiles/place_api/icons/restaurant-71.png,1245f284c1be425abe3a2454565abb2a5093e90a,Kebaphaus am Feuersee,False,"[{'height': 4032, 'html_attributions': ['<a href=""https://maps.google.com/maps/contrib/103316898626590347944/photos"">Christian Bachmann</a>'], 'photo_reference': 'CmRaAAAAmcgt9-dXdsE29qMTplcgn_MHr-uzSbRACtg4YE--VjXMXpcBRdECZW4EDFMdOdpv5PTvDAxRz2Acso8HEnU-IstMFspdUeSWNmx0VQaRg1GmdcfxhgTKqeXskmVLuc4kEhAxpqk7qh8vyjLspzldVN9JGhTQbM_bP5fRfI7QxRSSGmqmW6RgoA', 'width': 3024}]",ChIJ1ROdE0bbmUcR60zLglBo-jM,"Q5F8+CR Stuttgart, Germany",8FWFQ5F8+CR,1.0,4.4,ChIJ1ROdE0bbmUcR60zLglBo-jM,GOOGLE,"['restaurant', 'point_of_interest', 'food', 'establishment']",117,"Silberburgstraße 151, Stuttgart"
39,48.7891318,9.1956624,48.79052082989273,9.196960579892721,48.78782117010728,9.194260920107277,https://maps.gstatic.com/mapfiles/place_api/icons/restaurant-71.png,e797109fbc8c2710b874e47efc1d36abb59f76cd,Dilgelay,False,"[{'height': 2268, 'html_attributions': ['<a href=""https://maps.google.com/maps/contrib/111456827290833635759/photos"">Karlo Grados</a>'], 'photo_reference': 'CmRaAAAAjEmYsY97zCSfqzcnQS4pRyYWFlmQpMup1LvDHaJwCJhwLljZQR9RcAZxGA_oouXqapk2uCQPnIf8XAilhW8h03VXR41n7O5bEylD6xYvt16Zc8kDh5dILzoLfu16zUtCEhCyyyNS7Gfe9b_LbCmrwZ62GhT9a2cAfvNCr2ivKBUioFuq8QzAow', 'width': 4032}]",ChIJUxDjGNHEmUcRWux97hNBz30,"Q5QW+M7 Stuttgart, Germany",8FWFQ5QW+M7,,4.2,ChIJUxDjGNHEmUcRWux97hNBz30,GOOGLE,"['restaurant', 'point_of_interest', 'food', 'establishment']",321,"Neckarstraße 156, Stuttgart"
40,48.7449,9.1694199,48.74626672989273,9.170831979892723,48.74356707010728,9.16813232010728,https://maps.gstatic.com/mapfiles/place_api/icons/restaurant-71.png,48920d673c49e87788adcb0c3789f36a13fb85d2,Zacken Imbiss,False,"[{'height': 3348, 'html_attributions': ['<a href=""https://maps.google.com/maps/contrib/111810626997561589154/photos"">Alexander Bachor</a>'], 'photo_reference': 'CmRZAAAAmfkrxka_TiYzny2L6ICdHjh9YPDzDfCTnm-L9grnqGrRgXqsileVZwpOskogCD66PaaAhRIzEjgWygJ4C4m2nqB_ADbJAVVhWsjrWAEC3s1bjysswH4g98PoYVBvN5OCEhA4O5GYwNVl6akuypbU4nbPGhTEqbfaMf9s9OMeRbsrtCMc6P0NBA', 'width': 5952}]",ChIJFX2Q-7LcmUcRIhazEJ1wmJ4,"P5V9+XQ Stuttgart, Germany",8FWFP5V9+XQ,,3.4,ChIJFX2Q-7LcmUcRIhazEJ1wmJ4,GOOGLE,"['meal_takeaway', 'restaurant', 'point_of_interest', 'food', 'establishment']",16,"Hoffeldstraße 4, Stuttgart"
41,48.81371619999999,9.1146245,48.81512477989272,9.115959679892722,48.81242512010727,9.113260020107278,https://maps.gstatic.com/mapfiles/place_api/icons/restaurant-71.png,f69abd2c1098a6fc6bb07330499da6f1632959fa,Mevlana kebap,False,"[{'height': 2268, 'html_attributions': ['<a href=""https://maps.google.com/maps/contrib/110261757920384116217/photos"">Piotr Polak</a>'], 'photo_reference': 'CmRaAAAAy82IJ6FR_xYwS1z1L6mrzlGT7K8ovmr6WNL0rEgEI4cNFq3fQVRoOHgAFMQeqMR6ch2_9kgM39yUhrzdKpYd4jhae-liaQJhXB9_nTWSmGP5b_Z0HEGSsIxTuOHsSFHvEhD83k2TUVHmu7nx44WRpK7yGhRsmmm8Lvh1l0bKSmuwuX2RbwIEfA', 'width': 4032}]",ChIJC1VISTjamUcR0zEIVp-qB-E,"R477+FR Stuttgart, Germany",8FWFR477+FR,,4.4,ChIJC1VISTjamUcR0zEIVp-qB-E,GOOGLE,"['restaurant', 'point_of_interest', 'food', 'establishment']",48,"Pforzheimer Str. 361, Stuttgart"
42,48.8022752,9.2196734,48.80358077989272,9.220972379892723,48.80088112010728,9.21827272010728,https://maps.gstatic.com/mapfiles/place_api/icons/restaurant-71.png,82d183808f4e440491183dcb4ec35e9e7356fb13,Divan II,False,"[{'height': 4032, 'html_attributions': ['<a href=""https://maps.google.com/maps/contrib/116738094353456833286/photos"">Amil Bajric</a>'], 'photo_reference': 'CmRaAAAAdhUn32c_C_gq6SqXCKeZHDST5Iz2sCfNf76GsO19dfwS7kl77ZJMwv3ysHkzzIRh-eis_JLmKoFkNEyd3KSqMYF0suUvhXNewpswLCTGxYT6YFHlQoTbe8pR2DUsBV7AEhA_dlzuwvPKaEK0HpOIcWdjGhQhHz4utixNMcnKKH9pAcGyUKmRvw', 'width': 3024}]",ChIJucZYSxjFmUcRTCieObDNHJ0,"R629+WV Stuttgart, Germany",8FWFR629+WV,,3.6,ChIJucZYSxjFmUcRTCieObDNHJ0,GOOGLE,"['meal_takeaway', 'restaurant', 'point_of_interest', 'food', 'establishment']",81,"Seelbergstraße 31, Stuttgart"
43,48.7718894,9.1569433,48.77326307989272,9.158367779892721,48.77056342010728,9.155668120107277,https://maps.gstatic.com/mapfiles/place_api/icons/restaurant-71.png,4524ef9049c8b4de5b50aec8519c9bc3a78e8deb,Schwab Döner und Pizza,False,"[{'height': 2006, 'html_attributions': ['<a href=""https://maps.google.com/maps/contrib/110987914585823792858/photos"">A Google User</a>'], 'photo_reference': 'CmRaAAAALHtgcXdnj20rI7yaB7VV2jtokRMF29D2HYwOVlMYeqFfunVK_Q9kmS3ToJ0QOsTePdD-tCxllZ4IlI9JEpoPvDVLPOm1H7_QJjSzy--BaZwVITTz_3CKVtqXVc8NX6hZEhBwnhEYh_hcgG7yDGSMGV27GhSgvYXFXUW40cqvHJ5UKbFkXdIMVg', 'width': 4128}]",ChIJlUDtYObFmUcRoJNp1JCCpuA,"Q5C4+QQ Stuttgart, Germany",8FWFQ5C4+QQ,,4.7,ChIJlUDtYObFmUcRoJNp1JCCpuA,GOOGLE,"['restaurant', 'point_of_interest', 'food', 'establishment']",3,"Schwabstraße 57, Stuttgart"
44,48.77368,9.18136,48.77505177989273,9.182659979892724,48.77235212010728,9.17996032010728,https://maps.gstatic.com/mapfiles/place_api/icons/restaurant-71.png,da4008f22001ca71cbeb99d4ee996167fe292d67,Akdeniz Pizza & Kebab,True,"[{'height': 4032, 'html_attributions': ['<a href=""https://maps.google.com/maps/contrib/105935490219875657451/photos"">A Google User</a>'], 'photo_reference': 'CmRaAAAAON-GzQuMHW6OAFst79KsSbZfmLtPMwnRNoiXj92Svq5hur8Kz0XNfk2TZrqYhEKVYkj9uov0t811t8Pu_AbRGyfVofoUpxtyjWU4S_caQ7PPum6VnUr9nVlJlo2eBpx3EhAj8JFod6My_tkV__llC58ZGhSdD10YQBA55s5sg9QFgijcikrZKQ', 'width': 3024}]",ChIJVZ1wK0vbmUcRAiPbYv1v6_w,"Q5FJ+FG Stuttgart, Germany",8FWFQ5FJ+FG,,3.0,ChIJVZ1wK0vbmUcRAiPbYv1v6_w,GOOGLE,"['meal_takeaway', 'restaurant', 'point_of_interest', 'food', 'establishment']",45,"Esslinger Str. 2, Stuttgart"
45,48.7449,9.1694199,48.74626672989273,9.170831979892723,48.74356707010728,9.16813232010728,https://maps.gstatic.com/mapfiles/place_api/icons/restaurant-71.png,7c6187d80904b8a11bc3851afc8992cad41230b4,Orient für Genießer,False,"[{'height': 1920, 'html_attributions': ['<a href=""https://maps.google.com/maps/contrib/104833272520223501964/photos"">Chris Moos</a>'], 'photo_reference': 'CmRaAAAAICSMZYvbFYp1DXIEvcYHpF5S9S80XADAWXo7ayQMW2Qt_G9IePJwoLnOQ201WIi6Ii4fmbSontgXb6RFUraI-Z9fLK_8mPdWxcdFnMPMYAWDf4KO44MMA3uCaT76vTC-EhBCXg1LHV54Rk4SAdvErri_GhRny4xY9NOlaCkfmrTsxOtbeW1T5w', 'width': 1080}]",ChIJqQ7s-7LcmUcRt6zyfugduuI,"P5V9+XQ Stuttgart, Germany",8FWFP5V9+XQ,,4.3,ChIJqQ7s-7LcmUcRt6zyfugduuI,GOOGLE,"['restaurant', 'point_of_interest', 'food', 'establishment']",8,"Hoffeldstraße 4, Stuttgart"
46,48.785203,9.207622299999999,48.78655277989272,9.20903642989272,48.78385312010727,9.206336770107276,https://maps.gstatic.com/mapfiles/place_api/icons/restaurant-71.png,f167a7fd75c274ca2bac5a8676dc4789d6a0ea17,Imbiss König Kebap,,,ChIJYRpH2NzEmUcRGKVXxw9-Y44,"Q6P5+32 Stuttgart, Germany",8FWFQ6P5+32,,3.4,ChIJYRpH2NzEmUcRGKVXxw9-Y44,GOOGLE,"['meal_takeaway', 'restaurant', 'point_of_interest', 'food', 'establishment']",23,"Ostendstraße 70, Stuttgart"
47,48.77074,9.182129999999999,48.77212312989272,9.183402779892722,48.76942347010728,9.180703120107278,https://maps.gstatic.com/mapfiles/place_api/icons/restaurant-71.png,d3f69114feb240bc0eba64e2c0c2c0ded3599afc,Can Grill,False,"[{'height': 1520, 'html_attributions': ['<a href=""https://maps.google.com/maps/contrib/107916714444514589838/photos"">Daniel Gaebele</a>'], 'photo_reference': 'CmRaAAAAMZ40uyslO4esiqK_u3CydP_u2W2zTNntl9Xh8r4yUlugWtBRHMf8heNiu84mrXY1TJKJXjF0qWpQorAp4jynewBRrVqBk4Pdj0G6CaoGxL0UVXIZ7DViVPZSw5if9K-FEhAszUm0wS3-NIy25zqrgR_7GhQ2FZYVjC71Q0qCMIwutZc4fDbkFw', 'width': 1646}]",ChIJjV5SXbPEmUcRtBhUXvXypS0,"Q5CJ+7V Stuttgart, Germany",8FWFQ5CJ+7V,,4.3,ChIJjV5SXbPEmUcRtBhUXvXypS0,GOOGLE,"['meal_takeaway', 'restaurant', 'point_of_interest', 'food', 'establishment']",39,"Olgastraße 75, Stuttgart"
48,48.7819942,9.1304906,48.78331957989272,9.13188782989272,48.78061992010728,9.129188170107277,https://maps.gstatic.com/mapfiles/place_api/icons/restaurant-71.png,092890ecf4825fbeb0e8905bb698f543e2b588be,Marash Kebab,False,"[{'height': 1920, 'html_attributions': ['<a href=""https://maps.google.com/maps/contrib/108248884565459281898/photos"">A Google User</a>'], 'photo_reference': 'CmRaAAAAH4LUrl-r8pcvgRqPYgQ-cMru0b13Jht1hQtnw0nmc36DtqM8zJMkC_5khB4vXxIPJje0jvRXwk0Y0zPREoT70jPPCtaKfPheRjM_78YKiSgFowM8ndReaJYITLQLIO8uEhDikbEPdannQ_2agA9qGKCsGhRUdSCxdtzN9qXFYhxofkmM_Rl9vQ', 'width': 1080}]",ChIJgQssRqDbmUcR-Ep--DELuYM,"Q4JJ+Q5 Stuttgart, Germany",8FWFQ4JJ+Q5,,4.2,ChIJgQssRqDbmUcR-Ep--DELuYM,GOOGLE,"['restaurant', 'point_of_interest', 'food', 'establishment']",36,"Furtwänglerstraße 75, Stuttgart"
49,48.78897389999999,9.1954462,48.79037267989273,9.196731529892721,48.78767302010728,9.194031870107278,https://maps.gstatic.com/mapfiles/place_api/icons/restaurant-71.png,fd95d3157c29c4e2276f2a37e535942cf1b4a064,Stern Kebap,False,"[{'height': 1836, 'html_attributions': ['<a href=""https://maps.google.com/maps/contrib/100842851765131488232/photos"">Volkan Dzyr</a>'], 'photo_reference': 'CmRaAAAAvNS9usFe5rdq7C_ZEJFFc1fXPPoDH2bNPCA5eX7KLgfew4dGUFzh-ANreRdCbP8uRPb4GIBCx46cLmsXp1dCX85KQWhPq1RCEeG-NwEFYqmuQKgbrpGIUagQHzL71VqNEhDgT-1Aqb3KW7inIIyxkpZrGhQ_bApFu4NVnBVYK-RR5yoM7XZuag', 'width': 3264}]",ChIJ2-sfGtHEmUcRpV8l4H5cy1I,"Q5QW+H5 Stuttgart, Germany",8FWFQ5QW+H5,1.0,4.2,ChIJ2-sfGtHEmUcRpV8l4H5cy1I,GOOGLE,"['restaurant', 'point_of_interest', 'food', 'establishment']",50,"Neckarstraße 154, Stuttgart"
50,48.7729966,9.1723916,48.77426762989273,9.173867279892722,48.77156797010728,9.171167620107278,https://maps.gstatic.com/mapfiles/place_api/icons/restaurant-71.png,65b251dc48dbb4c4f256d88b26c7824e084a4b1c,Arslan’s Kebap Stuttgart Mitte,False,"[{'height': 460, 'html_attributions': ['<a href=""https://maps.google.com/maps/contrib/115384971083513769496/photos"">Bashar A</a>'], 'photo_reference': 'CmRaAAAADMvT0wS1jexHkHFx9GlriaCl55l8yE2DZazG192wT9SubzQ3L7s8AyyfwjFz1jWdt2hIKCNbW8Bk7IskJWiNpUk7LXnOvgxzZD9h_04GKTdGZ-kM5tOqJqZl4qh6rzLHEhA4mGyRD4dC5v5_0KcD-uyLGhS3fdwwXSXsyD7JBEQBQTA63oFEaA', 'width': 816}]",ChIJZVboOknbmUcRb25zo-hi2VI,"Q5FC+5X Stuttgart, Germany",8FWFQ5FC+5X,2.0,4.0,ChIJZVboOknbmUcRb25zo-hi2VI,GOOGLE,"['restaurant', 'point_of_interest', 'food', 'establishment']",162,"Marienstraße 28, Stuttgart"
51,48.8267627,9.120726699999999,48.82807362989272,9.122006929892724,48.82537397010728,9.119307270107278,https://maps.gstatic.com/mapfiles/place_api/icons/restaurant-71.png,0fa9890f182308ad98f22b0855c42acc2963a2fd,Stern Kebap,False,"[{'height': 798, 'html_attributions': ['<a href=""https://maps.google.com/maps/contrib/104061528078676284665/photos"">A Google User</a>'], 'photo_reference': 'CmRZAAAASHglWp0zi8oAhztTc38kxCtmw8qomwHaz5iMHYOvm4ONrMNUMFoXNwejvnukvODVMcC4zPkNJGRAcCuWNh8rB7BYpCve9g7eV0anVCFTQZiUfVPZuStqBICtMO83zk_KEhACYtv-Vdn8jdQyzK9phieAGhSvp-CMGM1zmxG-mRIayrbLvRR06A', 'width': 1080}]",ChIJh_VOphTamUcRJrHRKNFv2nc,"R4GC+P7 Korntal-Münchingen, Germany",8FWFR4GC+P7,1.0,3.4,ChIJh_VOphTamUcRJrHRKNFv2nc,GOOGLE,"['meal_takeaway', 'restaurant', 'point_of_interest', 'food', 'establishment']",63,"Bahnhofpl., Korntal-Münchingen"
52,48.7777,9.1684,48.77902217989272,9.169677779892721,48.77632252010728,9.166978120107277,https://maps.gstatic.com/mapfiles/place_api/icons/restaurant-71.png,387825057a1053af38da6d99f3492c0aff6e0ae1,Kebap Haus Berliner Platz,False,"[{'height': 4096, 'html_attributions': ['<a href=""https://maps.google.com/maps/contrib/104556979012045982457/photos"">Juergen Haller</a>'], 'photo_reference': 'CmRaAAAAO56YkAyawOTcDlUi3lS9dc6UvF0Hwrx5ptOtFmvG9G2Raa1I0G9-O9kuCYc5BlXajoP7exZ2hvQ63E4r4cPWibHzLzbK34gNNKWaVGuK6o0oj9U7LhcaFClUBbHzN2EeEhDaZuIvGUwhVM89swvKCo1AGhTjQDB9XHw2_yh_X0_Gh7vt1UARFQ', 'width': 2304}]",ChIJg6ArCzjbmUcRQ7iiaPz86IA,"Q5H9+39 Stuttgart, Germany",8FWFQ5H9+39,,3.4,ChIJg6ArCzjbmUcRQ7iiaPz86IA,GOOGLE,"['meal_takeaway', 'restaurant', 'point_of_interest', 'food', 'establishment']",278,"Fritz-Elsas-Straße 56, Stuttgart"
53,48.7864654,9.1910674,48.78785192989272,9.192363479892725,48.78515227010728,9.189663820107281,https://maps.gstatic.com/mapfiles/place_api/icons/restaurant-71.png,b3453421a997ac9f2627fcd1b5a5e810dd63c558,Star Kebap Pizza,False,"[{'height': 4032, 'html_attributions': ['<a href=""https://maps.google.com/maps/contrib/112613447017584206559/photos"">Andjdifh Bkihebd</a>'], 'photo_reference': 'CmRaAAAAwnyPa59yWtmZpbDGOAbZ9OIeADnhjz4yCR9qPyG4bGVrfgACpJC5v0B4DUNrJb-GjX6so9tI7pzbL1loE6iwio3yBL_HxfMBPS1dqbxvtV0XBF71GmiM1SG7jdzkdaiKEhA1dpiPHurm6Zxr8USL7z_nGhTUoHEWlCuURVNxApsZPiuC3bOGYQ', 'width': 2268}]",ChIJ5Z_VEdLEmUcREosAvECDtjs,"Q5PR+HC Stuttgart, Germany",8FWFQ5PR+HC,,4.4,ChIJ5Z_VEdLEmUcREosAvECDtjs,GOOGLE,"['restaurant', 'point_of_interest', 'food', 'establishment']",53,"Neckarstraße 92, Stuttgart"
54,48.7919091,9.178608800000001,48.79329657989273,9.179941329892722,48.79059692010728,9.177241670107279,https://maps.gstatic.com/mapfiles/place_api/icons/restaurant-71.png,c3eaea87fc75a8d4fd7d0d9b23ff0472840aded5,Arli Kebab & Pizzahaus,False,"[{'height': 747, 'html_attributions': ['<a href=""https://maps.google.com/maps/contrib/105451951180995319556/photos"">Mustafa Arli</a>'], 'photo_reference': 'CmRaAAAAIV5cQIzzu_d9hD8YF8dGpagyQAKc23GP9Kzzjk4aDIzAqox59b0wGHHonbxJYKcD9QmXz-c9ibseIFJsP3647-vj44xpoZpoRvqr6N6xj88u_lzu-VJJkq3LYGw-qBe8EhC99aOw2IyHR4GMNURfw6KwGhQY8dRl0RUYUdQiJMbf_DtT7VKjGQ', 'width': 747}]",ChIJNbCs0i7bmUcRLV47gjKqs9c,"Q5RH+QC Stuttgart, Germany",8FWFQ5RH+QC,1.0,4.7,ChIJNbCs0i7bmUcRLV47gjKqs9c,GOOGLE,"['restaurant', 'point_of_interest', 'food', 'establishment']",46,"Tunzhofer Str. 19, Stuttgart"
55,48.77171329999999,9.2456339,48.77303572989271,9.24689692989272,48.77033607010727,9.244197270107277,https://maps.gstatic.com/mapfiles/place_api/icons/restaurant-71.png,95081c42e06a445b8a4d4bd0f948de31ba642746,Aras Kebab GbR,False,"[{'height': 1920, 'html_attributions': ['<a href=""https://maps.google.com/maps/contrib/104483050508253169157/photos"">Savas Guven</a>'], 'photo_reference': 'CmRaAAAAfBcNGPPUCpd7uwg_wK_Jn0haAtaNB9rAU9eqiPheo_OKWixu9A2nfvtdSvfxEBuCJiF5b0kpM6Ml0Z6oOVg1tce_UNnpLSxo0jEHnjJUgPTjbqn7EMPzSuo-97ec6KnrEhCglii5LVnKXYLUizrlCm6CGhQAgS-84bxENVBQHCpkP_c3uTkopg', 'width': 1080}]",ChIJlcDJqELEmUcRYeI5YPDPQZk,"Q6CW+M7 Stuttgart, Germany",8FWFQ6CW+M7,,4.4,ChIJlcDJqELEmUcRYeI5YPDPQZk,GOOGLE,"['cafe', 'meal_takeaway', 'restaurant', 'point_of_interest', 'food', 'establishment']",56,"Wangener Marktpl. 2, Stuttgart"
56,48.7889709,9.205686000000002,48.79034232989272,9.207037429892722,48.78764267010727,9.204337770107278,https://maps.gstatic.com/mapfiles/place_api/icons/restaurant-71.png,319361dd194a1a2c3ac1d4718bb1e5aba58e23f3,Durgun Pizza Kebap,False,"[{'height': 3120, 'html_attributions': ['<a href=""https://maps.google.com/maps/contrib/110363890032265330082/photos"">Peter Riedmayer</a>'], 'photo_reference': 'CmRaAAAA196H1SwBYuOoAORQWp6NWftf9oQaVe8QmPBn3S6JsJ1fSz8Qtkv26KW4pp8Jfhyb19TjpUYJkwaVdNS8Fasjf1vEIdxrOpXJl1KqgEGlkwFxnakI_aSgFOH4fTcpqxTQEhBLbtElQPz8phl2vbkS4LDBGhRsg_KerW_aHbjLVB8qbuByh-aG0g', 'width': 4160}]",ChIJr26299vEmUcRlS50pN8XaqE,"Q6Q4+H7 Stuttgart, Germany",8FWFQ6Q4+H7,1.0,4.5,ChIJr26299vEmUcRlS50pN8XaqE,GOOGLE,"['restaurant', 'point_of_interest', 'food', 'establishment']",46,"Hackstraße 80, Stuttgart"
57,48.800325,9.220527299999999,48.80167027989272,9.221817079892721,48.79897062010728,9.219117420107278,https://maps.gstatic.com/mapfiles/place_api/icons/restaurant-71.png,061ed03f5e5fbdadebf2b0e8fad364f0ffb09c96,Köz Türkisches Restaurant,True,"[{'height': 3264, 'html_attributions': ['<a href=""https://maps.google.com/maps/contrib/103145866718816673818/photos"">Achraf Aouadi</a>'], 'photo_reference': 'CmRaAAAA9-nByms25VeQQzwV1QY-B2Bm7CyrDtNqfASgAnbm_8hUWpbJUA-vdb-mIBARjE79F-fPl35aLkH1u4MQqRLK_m_dyNSIHiwJTU2O1PXuXfGSRmQkvl3aIVtZRi7BgGtOEhBiJz8MfLEkyslhicDO56aQGhSNOssws5t-E0bE8Vp7FyEN9g5lRA', 'width': 2448}]",ChIJp0BeExnFmUcRhoPxYySXx_0,"R62C+46 Stuttgart, Germany",8FWFR62C+46,2.0,4.1,ChIJp0BeExnFmUcRhoPxYySXx_0,GOOGLE,"['restaurant', 'point_of_interest', 'food', 'establishment']",641,"Daimlerstraße 97, Stuttgart"
58,48.7911887,9.183533599999999,48.79266847989272,9.185094229892721,48.78996882010727,9.182394570107277,https://maps.gstatic.com/mapfiles/place_api/icons/restaurant-71.png,cbb08a9e3d96c03d925f225f2b2c4b135e0ecc4b,Gustosa,False,"[{'height': 1920, 'html_attributions': ['<a href=""https://maps.google.com/maps/contrib/100935168629037785588/photos"">Ahmed Alshawaf</a>'], 'photo_reference': 'CmRaAAAAkYTu2GUYNcWx7nPlVzH0rIRPzWuecSeTXz_Fd_uAdjvwGqYBOWGE6j4hQtNWf9J1IjL0gtuRb8jLR9iri8hKLGRJuJZmgSEjuzDKwOa3Cw1zSoiJrQXO7kUifUf0IzuxEhBWTWaGsu9paRT3s6AePaOvGhQmHFq6k82_uEktCMGui_wxKm_h3w', 'width': 1080}]",ChIJ___geyzbmUcR6tKcJBwG2cA,"Q5RM+FC Stuttgart, Germany",8FWFQ5RM+FC,2.0,3.5,ChIJ___geyzbmUcR6tKcJBwG2cA,GOOGLE,"['restaurant', 'point_of_interest', 'food', 'establishment']",32,"Mailänder Platz 7, Stuttgart"
59,48.7742808,9.173757499999999,48.77557332989272,9.175054579892722,48.77287367010727,9.172354920107278,https://maps.gstatic.com/mapfiles/place_api/icons/restaurant-71.png,a01f9c4a40b98244b28db3d3c164497f11b365db,Birkan Kebap,True,"[{'height': 3366, 'html_attributions': ['<a href=""https://maps.google.com/maps/contrib/115076317755711955717/photos"">h to da izzle</a>'], 'photo_reference': 'CmRaAAAAwfBaHK1qGpQrZs3TD20vGcmzKJBp_z2W5ppTGLFuY-x-Chhrpg3ENDF-Q199B9dxTBHOYNEoHmv5vKJpy1jzEG9vGxA0v-s0wCAHOawxDhfDFK2uc2cjz02L84G1ldrIEhA5N_kKLJp4apxwSVQvf9hiGhRcHVfVW9iJXUnE2yVMVza5I3JH-w', 'width': 5984}]",ChIJjwKldEnbmUcRCS3kvKx-ByU,"Q5FF+PG Stuttgart, Germany",8FWFQ5FF+PG,2.0,2.0,ChIJjwKldEnbmUcRCS3kvKx-ByU,GOOGLE,"['meal_takeaway', 'restaurant', 'point_of_interest', 'food', 'establishment']",122,"Rotebühlpl. 4, Stuttgart"
